{
    "name": "root",
    "metadata": {
        "timer_format_version": "0.1.0",
        "start_time_seconds": "1632065535",
        "python_version": "3.8.11 (default, Aug  6 2021, 09:57:55) [MSC v.1916 64 bit (AMD64)]",
        "command_line_arguments": "D:\\Users\\zhuan\\anaconda3\\envs\\mlagents-2\\Scripts\\mlagents-learn ./trainer_config.yaml --run-id 14",
        "mlagents_version": "0.27.0",
        "mlagents_envs_version": "0.27.0",
        "communication_protocol_version": "1.5.0",
        "pytorch_version": "1.7.1",
        "numpy_version": "1.20.3",
        "end_time_seconds": "1632065561"
    },
    "total": 26.4290383,
    "count": 1,
    "self": 0.006329699999998439,
    "children": {
        "run_training.setup": {
            "total": 0.5317857000000004,
            "count": 1,
            "self": 0.5317857000000004
        },
        "TrainerController.start_learning": {
            "total": 25.8909229,
            "count": 1,
            "self": 0.01957440000002819,
            "children": {
                "TrainerController._reset_env": {
                    "total": 12.6625427,
                    "count": 1,
                    "self": 12.6625427
                },
                "TrainerController.advance": {
                    "total": 12.347062899999969,
                    "count": 967,
                    "self": 0.019660300000030162,
                    "children": {
                        "env_step": {
                            "total": 12.169051899999971,
                            "count": 967,
                            "self": 8.171601399999993,
                            "children": {
                                "SubprocessEnvManager._take_step": {
                                    "total": 3.9851571999999926,
                                    "count": 967,
                                    "self": 0.11360199999996112,
                                    "children": {
                                        "TorchPolicy.evaluate": {
                                            "total": 3.8715552000000315,
                                            "count": 1934,
                                            "self": 1.4366311000000955,
                                            "children": {
                                                "TorchPolicy.sample_actions": {
                                                    "total": 2.434924099999936,
                                                    "count": 1934,
                                                    "self": 2.434924099999936
                                                }
                                            }
                                        }
                                    }
                                },
                                "workers": {
                                    "total": 0.012293299999985408,
                                    "count": 966,
                                    "self": 0.0,
                                    "children": {
                                        "worker_root": {
                                            "total": 14.496142800000008,
                                            "count": 966,
                                            "is_parallel": true,
                                            "self": 7.606277299999956,
                                            "children": {
                                                "steps_from_proto": {
                                                    "total": 0.0006828000000016488,
                                                    "count": 2,
                                                    "is_parallel": true,
                                                    "self": 0.0002153000000006955,
                                                    "children": {
                                                        "_process_rank_one_or_two_observation": {
                                                            "total": 0.00046750000000095326,
                                                            "count": 4,
                                                            "is_parallel": true,
                                                            "self": 0.00046750000000095326
                                                        }
                                                    }
                                                },
                                                "UnityEnvironment.step": {
                                                    "total": 6.889182700000051,
                                                    "count": 966,
                                                    "is_parallel": true,
                                                    "self": 0.19525940000002784,
                                                    "children": {
                                                        "UnityEnvironment._generate_step_input": {
                                                            "total": 0.1410569000000148,
                                                            "count": 966,
                                                            "is_parallel": true,
                                                            "self": 0.1410569000000148
                                                        },
                                                        "communicator.exchange": {
                                                            "total": 5.943967299999981,
                                                            "count": 966,
                                                            "is_parallel": true,
                                                            "self": 5.943967299999981
                                                        },
                                                        "steps_from_proto": {
                                                            "total": 0.608899100000027,
                                                            "count": 1932,
                                                            "is_parallel": true,
                                                            "self": 0.20254370000009914,
                                                            "children": {
                                                                "_process_rank_one_or_two_observation": {
                                                                    "total": 0.40635539999992787,
                                                                    "count": 3864,
                                                                    "is_parallel": true,
                                                                    "self": 0.40635539999992787
                                                                }
                                                            }
                                                        }
                                                    }
                                                }
                                            }
                                        }
                                    }
                                }
                            }
                        },
                        "trainer_advance": {
                            "total": 0.15835069999996776,
                            "count": 966,
                            "self": 0.051476399999945244,
                            "children": {
                                "process_trajectory": {
                                    "total": 0.10687430000002252,
                                    "count": 966,
                                    "self": 0.10687430000002252
                                }
                            }
                        }
                    }
                },