{
    "name": "root",
    "gauges": {
        "PaddleAgent.Policy.Entropy.mean": {
            "value": 1.360927700996399,
            "min": 1.360927700996399,
            "max": 1.3609548807144165,
            "count": 4
        },
        "PaddleAgent.Policy.Entropy.sum": {
            "value": 27218.5546875,
            "min": 27218.5546875,
            "max": 27219.09765625,
            "count": 4
        },
        "PaddleAgent.Step.mean": {
            "value": 39000.0,
            "min": 9000.0,
            "max": 39000.0,
            "count": 4
        },
        "PaddleAgent.Step.sum": {
            "value": 39000.0,
            "min": 9000.0,
            "max": 39000.0,
            "count": 4
        },
        "PaddleAgent.Policy.ExtrinsicBaselineEstimate.mean": {
            "value": 0.006596896797418594,
            "min": 0.006596896797418594,
            "max": 0.007914053276181221,
            "count": 4
        },
        "PaddleAgent.Policy.ExtrinsicBaselineEstimate.sum": {
            "value": 0.06596896797418594,
            "min": 0.06596896797418594,
            "max": 0.07914052903652191,
            "count": 4
        },
        "PaddleAgent.Policy.ExtrinsicValueEstimate.mean": {
            "value": 0.006596896797418594,
            "min": 0.006596896797418594,
            "max": 0.007914053276181221,
            "count": 4
        },
        "PaddleAgent.Policy.ExtrinsicValueEstimate.sum": {
            "value": 0.06596896797418594,
            "min": 0.06596896797418594,
            "max": 0.07914052903652191,
            "count": 4
        },
        "PaddleAgent.IsTraining.mean": {
            "value": 1.0,
            "min": 1.0,
            "max": 1.0,
            "count": 4
        },
        "PaddleAgent.IsTraining.sum": {
            "value": 1.0,
            "min": 1.0,
            "max": 1.0,
            "count": 4
        },
        "PaddleAgent.Environment.EpisodeLength.mean": {
            "value": 4999.0,
            "min": 4999.0,
            "max": 4999.0,
            "count": 1
        },
        "PaddleAgent.Environment.EpisodeLength.sum": {
            "value": 49990.0,
            "min": 49990.0,
            "max": 49990.0,
            "count": 1
        },
        "PaddleAgent.Environment.CumulativeReward.mean": {
            "value": 0.0,
            "min": 0.0,
            "max": 0.0,
            "count": 1
        },
        "PaddleAgent.Environment.CumulativeReward.sum": {
            "value": 0.0,
            "min": 0.0,
            "max": 0.0,
            "count": 1
        },
        "PaddleAgent.Policy.ExtrinsicReward.mean": {
            "value": 0.0,
            "min": 0.0,
            "max": 0.0,
            "count": 1
        },
        "PaddleAgent.Policy.ExtrinsicReward.sum": {
            "value": 0.0,
            "min": 0.0,
            "max": 0.0,
            "count": 1
        },
        "PaddleAgent.Environment.GroupCumulativeReward.mean": {
            "value": 0.0,
            "min": 0.0,
            "max": 0.0,
            "count": 1
        },
        "PaddleAgent.Environment.GroupCumulativeReward.sum": {
            "value": 0.0,
            "min": 0.0,
            "max": 0.0,
            "count": 1
        },
        "PaddleAgent.Losses.PolicyLoss.mean": {
            "value": 0.013239440631069656,
            "min": 0.013239440631069656,
            "max": 0.013239440631069656,
            "count": 1
        },
        "PaddleAgent.Losses.PolicyLoss.sum": {
            "value": 0.013239440631069656,
            "min": 0.013239440631069656,
            "max": 0.013239440631069656,
            "count": 1
        },
        "PaddleAgent.Losses.ValueLoss.mean": {
            "value": 9.335610573973302e-07,
            "min": 9.335610573973302e-07,
            "max": 9.335610573973302e-07,
            "count": 1
        },
        "PaddleAgent.Losses.ValueLoss.sum": {
            "value": 9.335610573973302e-07,
            "min": 9.335610573973302e-07,
            "max": 9.335610573973302e-07,
            "count": 1
        },
        "PaddleAgent.Losses.BaselineLoss.mean": {
            "value": 9.335610573973302e-07,
            "min": 9.335610573973302e-07,
            "max": 9.335610573973302e-07,
            "count": 1
        },
        "PaddleAgent.Losses.BaselineLoss.sum": {
            "value": 9.335610573973302e-07,
            "min": 9.335610573973302e-07,
            "max": 9.335610573973302e-07,
            "count": 1
        },
        "PaddleAgent.Policy.LearningRate.mean": {
            "value": 0.0003,
            "min": 0.0003,
            "max": 0.0003,
            "count": 1
        },
        "PaddleAgent.Policy.LearningRate.sum": {
            "value": 0.0003,
            "min": 0.0003,
            "max": 0.0003,
            "count": 1
        },
        "PaddleAgent.Policy.Epsilon.mean": {
            "value": 0.20000000000000004,
            "min": 0.20000000000000004,
            "max": 0.20000000000000004,
            "count": 1
        },
        "PaddleAgent.Policy.Epsilon.sum": {
            "value": 0.20000000000000004,
            "min": 0.20000000000000004,
            "max": 0.20000000000000004,
            "count": 1
        },
        "PaddleAgent.Policy.Beta.mean": {
            "value": 0.005000000000000001,
            "min": 0.005000000000000001,
            "max": 0.005000000000000001,
            "count": 1
        },
        "PaddleAgent.Policy.Beta.sum": {
            "value": 0.005000000000000001,
            "min": 0.005000000000000001,
            "max": 0.005000000000000001,
            "count": 1
        }
    },
    "metadata": {
        "timer_format_version": "0.1.0",
        "start_time_seconds": "1632094088",
        "python_version": "3.8.11 (default, Aug  6 2021, 09:57:55) [MSC v.1916 64 bit (AMD64)]",
        "command_line_arguments": "D:\\Users\\zhuan\\anaconda3\\envs\\mlagents-2\\Scripts\\mlagents-learn ./trainer_config.yaml --run-id=20 --initialize-from 19",
        "mlagents_version": "0.27.0",
        "mlagents_envs_version": "0.27.0",
        "communication_protocol_version": "1.5.0",
        "pytorch_version": "1.7.1",
        "numpy_version": "1.20.3",
        "end_time_seconds": "1632094259"
    },
    "total": 171.55544790000002,
    "count": 1,
    "self": 0.007632200000017519,
    "children": {
        "run_training.setup": {
            "total": 0.25458340000000046,
            "count": 1,
            "self": 0.25458340000000046
        },
        "TrainerController.start_learning": {
            "total": 171.2932323,
            "count": 1,
            "self": 0.19912200000021585,
            "children": {
                "TrainerController._reset_env": {
                    "total": 45.2961747,
                    "count": 1,
                    "self": 45.2961747
                },
                "TrainerController.advance": {
                    "total": 125.54626089999978,
                    "count": 8984,
                    "self": 0.20363419999897303,
                    "children": {
                        "env_step": {
                            "total": 115.81043390000069,
                            "count": 8984,
                            "self": 81.49377229999848,
                            "children": {
                                "SubprocessEnvManager._take_step": {
                                    "total": 34.18812730000147,
                                    "count": 8984,
                                    "self": 1.2245649000017096,
                                    "children": {
                                        "TorchPolicy.evaluate": {
                                            "total": 32.96356239999976,
                                            "count": 17968,
                                            "self": 15.24847539999913,