{"count":1,"self":331.8139392,"total":3144.8871608,"children":{"InitializeActuators":{"count":10,"self":0.0020003,"total":0.0020003,"children":null},"InitializeSensors":{"count":10,"self":0.0030291999999999997,"total":0.0030291999999999997,"children":null},"AgentSendState":{"count":211201,"self":653.1056128,"total":742.2410191,"children":{"CollectObservations":{"count":2112010,"self":2.7981664,"total":2.7981662999999997,"children":null},"WriteActionMask":{"count":2112010,"self":1.9712626,"total":1.9712626,"children":null},"RequestDecision":{"count":2112010,"self":7.0399151999999994,"total":84.365999899999991,"children":{"AgentInfo.ToProto":{"count":2112010,"self":7.0413688,"total":77.3260846,"children":{"GenerateSensorData":{"count":2112010,"self":48.4732704,"total":70.2847158,"children":{"RayPerceptionSensor.Perceive":{"count":2112010,"self":21.8114448,"total":21.811445199999998,"children":null}}}}}}}}},"DecideAction":{"count":211201,"self":2065.1311104,"total":2065.1311405,"children":null},"AgentAct":{"count":211201,"self":5.6375616,"total":5.6950398,"children":{"AgentInfo.ToProto":{"count":1350,"self":0.0050937,"total":0.0574784,"children":{"GenerateSensorData":{"count":1350,"self":0.034239399999999996,"total":0.0523847,"children":{"RayPerceptionSensor.Perceive":{"count":1350,"self":0.0181453,"total":0.0181453,"children":null}}}}}}}},"gauges":{"PaddleAgent.CumulativeReward":{"count":1350,"max":1,"min":-1.79199338,"runningAverage":-0.02275255,"value":-1,"weightedAverage":-0.0871512443}},"metadata":{"timer_format_version":"0.1.0","start_time_seconds":"1632098384","unity_version":"2020.2.7f1","command_line_arguments":"D:\\Unity Stuffs\\Installs\\2020.2.7f1\\Editor\\Unity.exe -projectpath D:\/Unity Stuffs\/Games\/Air-Hockey-AI\/Air Hockey AI -useHub -hubIPC -cloudEnvironment production -licensingIpc LicenseClient-zhuan -hubSessionId 0a127350-187e-11ec-b08f-f373a504318e -accessToken LhOGRJ77Qg43uR_wB9J856yhC0nDnTTh7M0aZ8eS_Z4003f","communication_protocol_version":"1.5.0","com.unity.ml-agents_version":"2.1.0-exp.1","scene_name":"Training","end_time_seconds":"1632101529"}}