{"count":1,"self":356.3840512,"total":3146.6653533999997,"children":{"InitializeActuators":{"count":10,"self":0.0020001999999999997,"total":0.0020001999999999997,"children":null},"InitializeSensors":{"count":10,"self":0.0020007,"total":0.0020007,"children":null},"AgentSendState":{"count":208904,"self":635.84040959999993,"total":726.7167086,"children":{"CollectObservations":{"count":2089040,"self":3.001508,"total":3.001508,"children":null},"WriteActionMask":{"count":2089040,"self":1.8421079999999999,"total":1.8421079,"children":null},"RequestDecision":{"count":2089040,"self":7.1329927999999994,"total":86.0326862,"children":{"AgentInfo.ToProto":{"count":2089040,"self":7.3756223999999992,"total":78.89969339999999,"children":{"GenerateSensorData":{"count":2089040,"self":49.5256384,"total":71.5240711,"children":{"RayPerceptionSensor.Perceive":{"count":2089040,"self":21.998431999999998,"total":21.998431699999998,"children":null}}}}}}}}},"DecideAction":{"count":208904,"self":2057.5926271999997,"total":2057.5926452999997,"children":null},"AgentAct":{"count":208904,"self":5.9308983999999993,"total":5.9669554,"children":{"AgentInfo.ToProto":{"count":726,"self":0.004029,"total":0.0360571,"children":{"GenerateSensorData":{"count":726,"self":0.0250273,"total":0.0320281,"children":{"RayPerceptionSensor.Perceive":{"count":726,"self":0.0070008,"total":0.0070008,"children":null}}}}}}}},"gauges":{"PaddleAgent.CumulativeReward":{"count":726,"max":1,"min":-85.52986,"runningAverage":-0.653954,"value":0,"weightedAverage":-0.0202017985}},"metadata":{"timer_format_version":"0.1.0","start_time_seconds":"1632094330","unity_version":"2020.2.7f1","command_line_arguments":"D:\\Unity Stuffs\\Installs\\2020.2.7f1\\Editor\\Unity.exe -projectpath D:\/Unity Stuffs\/Games\/Air-Hockey-AI\/Air Hockey AI -useHub -hubIPC -cloudEnvironment production -licensingIpc LicenseClient-zhuan -hubSessionId 0a127350-187e-11ec-b08f-f373a504318e -accessToken LhOGRJ77Qg43uR_wB9J856yhC0nDnTTh7M0aZ8eS_Z4003f","communication_protocol_version":"1.5.0","com.unity.ml-agents_version":"2.1.0-exp.1","scene_name":"Training","end_time_seconds":"1632097476"}}