{
    "name": "root",
    "gauges": {
        "PaddleAgent.Policy.Entropy.mean": {
            "value": 0.9036388397216797,
            "min": 0.8879196643829346,
            "max": 1.4189159870147705,
            "count": 193
        },
        "PaddleAgent.Policy.ExtrinsicValueEstimate.mean": {
            "value": -0.01232468243688345,
            "min": -0.7710239291191101,
            "max": 1.4873818159103394,
            "count": 193
        },
        "PaddleAgent.Losses.ValueLoss.mean": {
            "value": 5.2691964810946956e-05,
            "min": 1.3442379440675722e-06,
            "max": 0.8707860112190247,
            "count": 193
        },
        "PaddleAgent.Losses.PolicyLoss.mean": {
            "value": 0.13372337818145752,
            "min": 0.1124536320567131,
            "max": 0.20338818430900574,
            "count": 193
        },
        "PaddleAgent.Policy.LearningRate.mean": {
            "value": 0.0002999999560415745,
            "min": 0.0002999999560415745,
            "max": 0.0003000000724568963,
            "count": 193
        },
        "PaddleAgent.Policy.Epsilon.mean": {
            "value": 0.2999999523162842,
            "min": 0.2999999523162842,
            "max": 0.29999998211860657,
            "count": 193
        },
        "PaddleAgent.Policy.Beta.mean": {
            "value": 0.004999999422580004,
            "min": 0.004999999422580004,
            "max": 0.004999999422580004,
            "count": 193
        },
        "PaddleAgent.IsTraining.mean": {
            "value": 1.0,
            "min": 1.0,
            "max": 1.0,
            "count": 193
        },
        "PaddleAgent.Environment.EpisodeLength.mean": {
            "value": 458.0,
            "min": 458.0,
            "max": 2244.0,
            "count": 7
        },
        "PaddleAgent.Self-play.ELO.mean": {
            "value": 1197.5035936342304,
            "min": 1197.5035936342304,
            "max": 1199.5,
            "count": 7
        },
        "PaddleAgent.Environment.CumulativeReward.mean": {
            "value": -1.5230000615119934,
            "min": -3.245000220835209,
            "max": 0.23399999365210533,
            "count": 7
        },
        "PaddleAgent.Policy.ExtrinsicReward.mean": {
            "value": -1.5230000615119934,
            "min": -3.245000220835209,
            "max": 0.23399999365210533,
            "count": 7
        }
    },
    "metadata": {
        "timer_format_version": "0.1.0",
        "start_time_seconds": "1631996975",
        "python_version": "3.7.11 (default, Jul 27 2021, 09:42:29) [MSC v.1916 64 bit (AMD64)]",
        "command_line_arguments": "D:\\Users\\zhuan\\anaconda3\\envs\\ml-agents-1.0\\Scripts\\mlagents-learn ./trainer_config.yaml --run-id 4",
        "mlagents_version": "0.20.0",
        "mlagents_envs_version": "0.20.0",
        "communication_protocol_version": "1.1.0",
        "tensorflow_version": "2.3.3",
        "numpy_version": "1.18.5",
        "end_time_seconds": "1631997567"
    },
    "total": 591.9413972,
    "count": 1,
    "self": 0.0056557999999995445,
    "children": {
        "run_training.setup": {
            "total": 0.010571999999999804,
            "count": 1,
            "self": 0.010571999999999804
        },
        "TrainerController.start_learning": {
            "total": 591.9251694,
            "count": 1,
            "self": 1.5442953999989868,
            "children": {
                "TrainerController._reset_env": {
                    "total": 10.412792100000106,
                    "count": 20,
                    "self": 10.412792100000106
                },
                "TrainerController.advance": {
                    "total": 579.3863673000008,
                    "count": 48556,
                    "self": 0.7290301000050476,
                    "children": {
                        "env_step": {
                            "total": 578.6573371999957,
                            "count": 48556,
                            "self": 420.03601660000254,
                            "children": {
                                "SubprocessEnvManager._take_step": {
                                    "total": 157.97128510000329,
                                    "count": 48556,
                                    "self": 3.0942207000181554,
                                    "children": {
                                        "TFPolicy.evaluate": {
                                            "total": 154.87706439998513,
                                            "count": 97112,
                                            "self": 154.87706439998513
                                        }
                                    }
                                },
                                "workers": {
                                    "total": 0.6500354999899205,
                                    "count": 48555,
                                    "self": 0.0,
                                    "children": {
                                        "worker_root": {
                                            "total": 582.7303701000029,
                                            "count": 48555,
                                            "is_parallel": true,
                                            "self": 349.6486632999958,
                                            "children": {
                                                "steps_from_proto": {
                                                    "total": 0.006289000000007761,
                                                    "count": 40,
                                                    "is_parallel": true,
                                                    "self": 0.00270780000031845,
                                                    "children": {
                                                        "_process_vector_observation": {
                                                            "total": 0.0035811999996893107,
                                                            "count": 80,
                                                            "is_parallel": true,
                                                            "self": 0.0035811999996893107
                                                        }
                                                    }
                                                },
                                                "UnityEnvironment.step": {
                                                    "total": 233.0754178000071,
                                                    "count": 48555,
                                                    "is_parallel": true,
                                                    "self": 6.13471879999247,
                                                    "children": {
                                                        "UnityEnvironment._generate_step_input": {
                                                            "total": 5.888482100004813,
                                                            "count": 48555,
                                                            "is_parallel": true,
                                                            "self": 5.888482100004813
                                                        },
                                                        "communicator.exchange": {
                                                            "total": 205.3685043000087,
                                                            "count": 48555,
                                                            "is_parallel": true,
                                                            "self": 205.3685043000087
                                                        },