{
    "name": "root",
    "gauges": {
        "PaddleAgent.Policy.Entropy.mean": {
            "value": 1.3698275089263916,
            "min": 1.3698275089263916,
            "max": 1.4243139028549194,
            "count": 20
        },
        "PaddleAgent.Policy.Entropy.sum": {
            "value": 1753.379150390625,
            "min": 1753.379150390625,
            "max": 3686.4580078125,
            "count": 20
        },
        "PaddleAgent.Step.mean": {
            "value": 19977.0,
            "min": 992.0,
            "max": 19977.0,
            "count": 20
        },
        "PaddleAgent.Step.sum": {
            "value": 19977.0,
            "min": 992.0,
            "max": 19977.0,
            "count": 20
        },
        "PaddleAgent.Policy.ExtrinsicValueEstimate.mean": {
            "value": 0.013265931978821754,
            "min": -0.18255364894866943,
            "max": 0.2663935720920563,
            "count": 20
        },
        "PaddleAgent.Policy.ExtrinsicValueEstimate.sum": {
            "value": 0.41124388575553894,
            "min": -5.841716766357422,
            "max": 8.258200645446777,
            "count": 20
        },
        "PaddleAgent.Losses.PolicyLoss.mean": {
            "value": 0.13469500483146735,
            "min": 0.1286336618076478,
            "max": 0.1516355547987457,
            "count": 20
        },
        "PaddleAgent.Losses.PolicyLoss.sum": {
            "value": 0.13469500483146735,
            "min": 0.13200192001189978,
            "max": 0.3032711095974914,
            "count": 20
        },
        "PaddleAgent.Losses.ValueLoss.mean": {
            "value": 1.4323903639836186e-06,
            "min": 1.4323903639836186e-06,
            "max": 0.031152093686932135,
            "count": 20
        },
        "PaddleAgent.Losses.ValueLoss.sum": {
            "value": 1.4323903639836186e-06,
            "min": 1.4323903639836186e-06,
            "max": 0.031152093686932135,
            "count": 20
        },
        "PaddleAgent.Policy.LearningRate.mean": {
            "value": 0.00030000000000000003,
            "min": 0.0003,
            "max": 0.0003000000000000001,
            "count": 20
        },
        "PaddleAgent.Policy.LearningRate.sum": {
            "value": 0.00030000000000000003,
            "min": 0.00030000000000000003,
            "max": 0.0006000000000000002,
            "count": 20
        },
        "PaddleAgent.Policy.Epsilon.mean": {
            "value": 0.3,
            "min": 0.29999999999999977,
            "max": 0.3,
            "count": 20
        },
        "PaddleAgent.Policy.Epsilon.sum": {
            "value": 0.3,
            "min": 0.29999999999999977,
            "max": 0.6,
            "count": 20
        },
        "PaddleAgent.Policy.Beta.mean": {
            "value": 0.005,
            "min": 0.004999999999999999,
            "max": 0.005,
            "count": 20
        },
        "PaddleAgent.Policy.Beta.sum": {
            "value": 0.005,
            "min": 0.005,
            "max": 0.01,
            "count": 20
        },
        "PaddleAgent.IsTraining.mean": {
            "value": 1.0,
            "min": 1.0,
            "max": 1.0,
            "count": 20
        },
        "PaddleAgent.IsTraining.sum": {
            "value": 1.0,
            "min": 1.0,
            "max": 1.0,
            "count": 20
        },
        "PaddleAgent.Environment.EpisodeLength.mean": {
            "value": 1860.0,
            "min": 454.0,
            "max": 1860.0,
            "count": 4
        },
        "PaddleAgent.Environment.EpisodeLength.sum": {
            "value": 3720.0,
            "min": 908.0,
            "max": 5630.0,
            "count": 4
        },
        "PaddleAgent.Self-play.ELO.mean": {
            "value": 1200.0,
            "min": 1200.0,
            "max": 1200.0,
            "count": 4
        },
        "PaddleAgent.Self-play.ELO.sum": {
            "value": 1200.0,
            "min": 1200.0,
            "max": 2400.0,
            "count": 4
        },
        "PaddleAgent.Environment.CumulativeReward.mean": {
            "value": -1.0,
            "min": -1.0,
            "max": 1.0,
            "count": 5
        },
        "PaddleAgent.Environment.CumulativeReward.sum": {
            "value": -1.0,
            "min": -2.0,
            "max": 1.0,
            "count": 5
        },
        "PaddleAgent.Policy.ExtrinsicReward.mean": {
            "value": -1.0,
            "min": -1.0,
            "max": 1.0,
            "count": 5
        },
        "PaddleAgent.Policy.ExtrinsicReward.sum": {
            "value": -1.0,
            "min": -2.0,
            "max": 1.0,
            "count": 5
        }
    },
    "metadata": {
        "timer_format_version": "0.1.0",
        "start_time_seconds": "1632021042",
        "python_version": "3.8.11 (default, Aug  6 2021, 09:57:55) [MSC v.1916 64 bit (AMD64)]",
        "command_line_arguments": "D:\\Users\\zhuan\\anaconda3\\envs\\mlagents-2\\Scripts\\mlagents-learn ./trainer_config.yaml --run-id 8",
        "mlagents_version": "0.27.0",
        "mlagents_envs_version": "0.27.0",
        "communication_protocol_version": "1.5.0",
        "pytorch_version": "1.7.1",
        "numpy_version": "1.20.3",
        "end_time_seconds": "1632021146"
    },
    "total": 104.0161133,
    "count": 1,
    "self": 0.007677600000008056,
    "children": {
        "run_training.setup": {
            "total": 0.30446799999999996,
            "count": 1,
            "self": 0.30446799999999996
        },
        "TrainerController.start_learning": {
            "total": 103.70396769999999,
            "count": 1,
            "self": 0.14912109999995948,
            "children": {
                "TrainerController._reset_env": {
                    "total": 15.997712299999982,
                    "count": 3,
                    "self": 15.997712299999982
                },
                "TrainerController.advance": {
                    "total": 86.01133950000006,
                    "count": 5049,
                    "self": 0.06513700000003553,
                    "children": {
                        "env_step": {
                            "total": 85.94620250000003,
                            "count": 5049,
                            "self": 59.38798489999973,
                            "children": {
                                "SubprocessEnvManager._take_step": {
                                    "total": 26.49083510000029,
                                    "count": 5049,
                                    "self": 0.6266609000004237,
                                    "children": {
                                        "TorchPolicy.evaluate": {
                                            "total": 25.864174199999866,
                                            "count": 10098,
                                            "self": 8.765860799999956,
                                            "children": {
                                                "TorchPolicy.sample_actions": {
                                                    "total": 17.09831339999991,
                                                    "count": 10098,
                                                    "self": 17.09831339999991
                                                }
                                            }
                                        }
                                    }
                                },
                                "workers": {
                                    "total": 0.0673825000000079,
                                    "count": 5048,
                                    "self": 0.0,
                                    "children": {
                                        "worker_root": {
                                            "total": 94.68182649999977,
                                            "count": 5048,